,L,tool,user_time,sys_time,memory
0,1,hybrid,0.032802,0.0,109816
1,6,hybrid,0.12723299999999998,0.0,114468
2,11,hybrid,0.263354,0.0,119352
3,16,hybrid,0.46912,0.003909,123852
4,1,ARGON,2.881373,0.17266,708900
5,1,msprime,2.513081,0.008043999999999999,109004
6,21,hybrid,0.6997669999999999,0.012064,128308
7,6,msprime,3.964747,0.0,112852
8,6,ARGON,5.699898999999999,0.276043,1024208
9,27,hybrid,1.043915,0.0,134668
10,11,msprime,6.108659,0.007944,117600
11,11,ARGON,8.723494,0.296008,1331196
