,L,tool,time
0,200.0,msprime,0.18515449401456863
1,200.0,discoal,0.029445006977766752
2,50150.0,msprime,0.27453447796870023
3,50150.0,discoal,4.3399507170543075
4,100100.0,msprime,0.49499989894684404
5,100100.0,discoal,31.332905953051522
6,150050.0,msprime,0.9373225619783625
7,150050.0,discoal,103.08958025299944
8,200000.0,msprime,1.45353010809049
9,200000.0,discoal,238.91779201605823
